kind	path (under app/src/main/java/com/forge/app/)	line	decl	name	test_refs	parked
testonly	core/io/OrientedBitmaps.kt	52	fun	fromExifTag	14	False
testonly	data/prefs/SettingsRepository.kt	867	fun	setWeeklySchedule	6	False
testonly	data/repo/BackupRepository.kt	1346	val	bytesSpent	2	False
testonly	data/repo/CoachGoalRepository.kt	63	fun	archive	10	False
testonly	data/repo/ProgressPhotoRepository.kt	169	fun	fileForOrNull	2	False
testonly	data/repo/StatsEffortAggregations.kt	167	fun	buildWeeklyDurations	2	False
testonly	data/repo/StatsStrengthAggregations.kt	163	fun	buildOverloadSummary	5	False
testonly	data/repo/StatsStrengthAggregations.kt	198	fun	buildPrRecency	2	False
testonly	data/repo/StatsStrengthAggregations.kt	229	fun	buildPatternRadar	2	False
testonly	domain/academy/AcademyRegistry.kt	92	fun	byTrack	3	False
testonly	domain/academy/AcademyRegistry.kt	125	fun	stateOf	5	False
testonly	domain/academy/AcademyRegistry.kt	144	fun	orphanLessons	2	False
testonly	domain/cardio/CardioCalorieEstimator.kt	15	object	CardioCalorieEstimator	11	False
testonly	domain/cardio/CardioWeekSeries.kt	88	fun	cardioWeeksOnTarget	2	False
testonly	domain/cardio/CardioWeekSeries.kt	97	fun	cardioLoadDeltaPct	4	False
testonly	domain/coach/CoachSignal.kt	18	object	SignalRegistry	26	False
testonly	domain/coach/CoachSignal.kt	41	val	reads	7	False
testonly	domain/coach/CoachSignal.kt	104	fun	statuses	2	False
testonly	domain/coach/LifeEvents.kt	234	fun	explain	5	False
testonly	domain/coach/SessionAdaptor.kt	15	object	SessionAdaptor	16	False
testonly	domain/coach/SessionAdaptor.kt	42	fun	triage	8	False
testonly	domain/coach/SessionAdaptor.kt	87	fun	soreReroute	3	False
testonly	domain/coach/SessionAdaptor.kt	111	fun	canSwapCleanly	2	False
testonly	domain/coach/TrustLadder.kt	94	val	volumeStep	1	False
testonly	domain/coach/TrustLadder.kt	98	val	mayInitiate	4	False
testonly	domain/coach/TrustLadder.kt	101	val	mayActFirst	3	False
testonly	domain/coach/TrustLadder.kt	172	fun	shouldDemote	5	False
testonly	domain/engine/AerobicBase.kt	116	fun	volumeAdvice	1	False
testonly	domain/engine/ConditioningPlanner.kt	148	fun	healthFloorMinutes	1	False
testonly	domain/engine/ConditioningProfile.kt	31	val	hasZones	2	False
testonly	domain/engine/ConditioningProfile.kt	34	fun	zoneFor	4	False
testonly	domain/engine/ConditioningProfile.kt	71	fun	refinedWith	3	False
testonly	domain/engine/ConditioningProfile.kt	114	fun	talkTestFor	1	False
testonly	domain/engine/ZoneCoach.kt	13	object	ZoneCoach	15	False
testonly	domain/engine/ZoneCoach.kt	78	fun	segmentsFor	1	False
testonly	program/Types.kt	80	val	isIsolation	1	False
testonly	ui/academy/AcademyFigures.kt	99	fun	figureExists	1	False
testonly	ui/gym/stats/state/StatsEngineUi.kt	32	val	advice	6	False
testonly	ui/gym/stats/state/StatsEngineUi.kt	67	fun	plateauFlagOf	5	False
testonly	ui/gym/stats/state/StatsUiState.kt	101	val	deltaVsPrevWeek	1	False
testonly	ui/profile/GallerySameWeight.kt	52	val	daysApart	1	False
zero	data/db/dao/AdviceEventDao.kt	16	fun	forAdvice	0	False
zero	data/db/dao/ExtendedGoalDao.kt	33	fun	observeForExercise	0	False
zero	data/db/dao/ExtendedGoalDao.kt	36	fun	markComplete	0	False
zero	data/db/dao/LoggedExerciseDao.kt	109	fun	observePrCount	0	False
zero	data/db/dao/LoggedExerciseDao.kt	152	fun	observeTotalLogged	0	False
zero	data/db/dao/LoggedExerciseDao.kt	160	fun	observeHeatmapTimestamps	0	False
zero	data/db/dao/LoggedExerciseDao.kt	181	fun	observeAllPrs	0	False
zero	data/db/dao/LoggedExerciseDao.kt	230	fun	prDatesPerExercise	0	False
zero	data/db/dao/LoggedExerciseDao.kt	245	fun	effortRatingsSince	0	False
zero	data/db/dao/LoggedSetDao.kt	274	fun	maxRepsAnySet	0	False
zero	data/db/dao/ProgramDao.kt	17	fun	observeDays	0	False
zero	data/db/dao/ProgramDao.kt	20	fun	observeSlots	0	False
zero	data/db/dao/SessionDao.kt	287	fun	observeFinishedInRange	0	False
zero	data/db/dao/SessionDao.kt	334	fun	observeMoodOverTime	0	False
zero	data/db/dao/SessionDao.kt	389	fun	lifetimeAggregate	0	False
zero	data/db/dao/SessionDao.kt	418	fun	perDayTypeStats	0	False
zero	data/db/dao/SessionDao.kt	424	val	prRate	0	False
zero	data/db/dao/SessionHrSampleDao.kt	26	fun	deleteForSession	0	False
zero	data/db/entities/CoachPass.kt	85	val	SCOPE_DAY	0	False
zero	data/db/entities/CoachPass.kt	86	val	SCOPE_SESSION	0	False
zero	data/db/entities/CoachPass.kt	88	val	OUTCOME_PENDING	0	False
zero	data/health/HealthConnectManager.kt	1122	fun	latestSleep	0	False
zero	data/health/HealthConnectManager.kt	1147	fun	latestRestingHr	0	False
zero	data/prefs/PreferencesDataStore.kt	318	val	ROTATION_UNIT	0	False
zero	data/prefs/PreferencesDataStore.kt	321	val	LAST_ROTATED_AT_MS	0	False
zero	data/prefs/SettingsRepository.kt	580	val	fontChoice	0	False
zero	data/prefs/SettingsRepository.kt	653	val	coachBriefIntroSeen	0	False
zero	data/prefs/SettingsRepository.kt	654	fun	setCoachBriefIntroSeen	0	False
zero	data/prefs/SettingsRepository.kt	687	val	monthlyPrTarget	0	False
zero	data/prefs/SettingsRepository.kt	688	fun	setMonthlyPrTarget	0	False
zero	data/prefs/SettingsRepository.kt	732	fun	setExerciseLiked	0	False
zero	data/prefs/SettingsRepository.kt	740	fun	setExerciseDisliked	0	False
zero	data/prefs/SettingsRepository.kt	805	val	rotationCounter	0	False
zero	data/prefs/SettingsRepository.kt	1156	fun	setUserAgeYears	0	False
zero	data/prefs/SettingsRepository.kt	1161	fun	setMaxHrOverride	0	False
zero	data/repo/AdaptationRepository.kt	331	fun	coachRecommendations	0	False
zero	data/repo/BodyFatRepository.kt	32	fun	latestPercent	0	False
zero	data/repo/BodyweightRepository.kt	31	fun	latestWeightLb	0	False
zero	data/repo/CheckinRepository.kt	47	fun	recentForEngine	0	False
zero	data/repo/CheckinRepository.kt	89	fun	activeRestrictions	0	False
zero	data/repo/CheckinRepository.kt	91	fun	observeActiveRestrictions	0	False
zero	data/repo/CheckinRepository.kt	93	fun	restrictMuscle	0	False
zero	data/repo/CheckinRepository.kt	103	fun	restrictExercise	0	False
zero	data/repo/CheckinRepository.kt	114	fun	clearRestriction	0	False
zero	data/repo/CoachGoalRepository.kt	70	fun	reorder	0	False
zero	data/repo/CoachGoalRepository.kt	88	fun	harvestCompleted	0	False
zero	data/repo/CoachGoalRepository.kt	98	fun	promotionCandidates	0	False
zero	data/repo/CoachGoalRepository.kt	127	val	SOURCE_COACH	0	False
zero	data/repo/ConditioningRepository.kt	59	fun	weekSummary	0	True
zero	data/repo/ConditioningRepository.kt	64	fun	plannedWeek	0	True
zero	data/repo/ConditioningRepository.kt	89	fun	baseTrend	0	True
zero	data/repo/CustomizationRepository.kt	126	fun	setDayName	0	False
zero	data/repo/CustomizationRepository.kt	130	fun	clearDayName	0	False
zero	data/repo/DirectiveRepository.kt	32	val	workoutRepository	0	False
zero	data/repo/LeanMassRepository.kt	27	fun	latestLb	0	False
zero	data/repo/NotificationFeed.kt	313	val	unreadCount	0	False
zero	data/repo/NotificationFeed.kt	317	val	academyUnreadCount	0	False
zero	data/repo/ProgramCustomizationRepository.kt	197	fun	restoreExercise	0	False
zero	data/repo/ProgramCustomizationRepository.kt	204	fun	addCustomExercise	0	False
zero	data/repo/ProgramCustomizationRepository.kt	224	fun	resetDay	0	False
zero	data/repo/ProjectRepository.kt	97	fun	dueForReview	0	False
zero	data/repo/RestDayRepository.kt	10	fun	markRestDay	0	False
zero	data/repo/RestDayRepository.kt	12	fun	clearRestDay	0	False
zero	data/repo/StatsEffortAggregations.kt	37	fun	buildAvgRpePerSession	0	False
zero	data/repo/StatsEffortAggregations.kt	47	fun	buildEffortDistribution	0	False
zero	data/repo/StatsEffortAggregations.kt	75	fun	buildWeeklySessionCounts	0	False
zero	data/repo/StatsEffortAggregations.kt	95	fun	computeConsistencyStreak	0	False
zero	data/repo/StatsEffortAggregations.kt	124	fun	buildExerciseFrequency	0	False
zero	data/repo/StatsEffortAggregations.kt	202	fun	buildWeekActivity	0	False
zero	data/repo/StatsStrengthAggregations.kt	77	fun	buildExerciseHistory	0	False
zero	data/repo/StatsStrengthAggregations.kt	140	fun	buildRepMaxes	0	False
zero	data/repo/StatsStrengthAggregations.kt	154	fun	computeProgressiveOverload	0	False
zero	data/repo/StatsStrengthAggregations.kt	255	fun	buildTimeToPr	0	False
zero	data/repo/StatsVolumeAggregations.kt	15	fun	buildVolumeByMuscle	0	False
zero	data/repo/StatsVolumeAggregations.kt	106	fun	buildRepRangeDist	0	False
zero	data/repo/StatsVolumeAggregations.kt	121	fun	buildDayTypeBestVsAvg	0	False
zero	data/repo/WarmupRepository.kt	26	fun	addItem	0	False
zero	data/repo/WarmupRepository.kt	36	fun	removeItem	0	False
zero	data/repo/WarmupRepository.kt	38	fun	resetDay	0	False
zero	domain/academy/AcademyRegistry.kt	172	val	UNLOCK_TECHNIQUE_SESSION	0	False
zero	domain/academy/AcademyRegistry.kt	173	val	UNLOCK_FIRST_PROGRESSION	0	False
zero	domain/academy/AcademyRegistry.kt	179	val	UNLOCK_GOAL_CONFLICT	0	False
zero	domain/academy/AcademyRegistry.kt	180	val	UNLOCK_COLD_START_DONE	0	False
zero	domain/academy/AcademyRegistry.kt	184	val	UNLOCK_PHASE_CHANGE	0	False
zero	domain/academy/AcademyRegistry.kt	185	val	UNLOCK_SCHEDULED_DELOAD	0	False
zero	domain/academy/AcademyRegistry.kt	189	val	UNLOCK_PERSONAL_SPACING	0	False
zero	domain/academy/AcademyRegistry.kt	190	val	UNLOCK_PERSONAL_REPS	0	False
zero	domain/academy/AcademyRegistry.kt	191	val	UNLOCK_IMBALANCE_PROJECT	0	False
zero	domain/academy/AcademyRegistry.kt	192	val	UNLOCK_PROJECT_PROPOSED	0	False
zero	domain/academy/AcademyRegistry.kt	195	val	UNLOCK_TIER_CHANGE	0	False
zero	domain/academy/AcademyRegistry.kt	196	val	UNLOCK_AUTONOMOUS_ACT	0	False
zero	domain/academy/AcademyRegistry.kt	199	val	UNLOCK_HRV_TREND	0	False
zero	domain/academy/AcademyRegistry.kt	203	val	UNLOCK_INTERFERENCE	0	False
zero	domain/academy/AcademyRegistry.kt	204	val	UNLOCK_LIVE_HR	0	False
zero	domain/academy/AcademyRegistry.kt	206	val	UNLOCK_BASE_TREND	0	False
zero	domain/adapt/AdaptThresholds.kt	128	val	readinessCardioLoadMinutes	0	False
zero	domain/adapt/AdaptThresholds.kt	130	val	readinessCardioLoadPenalty	0	False
zero	domain/cardio/CardioPace.kt	29	fun	pacePerKm	0	False
zero	domain/engine/ConditioningPlanner.kt	22	val	INTERVAL_CLEARANCE_HOURS	0	False
zero	domain/photo/PhotoTag.kt	60	fun	musclesPresent	0	False
zero	domain/units/LengthFormatter.kt	16	fun	fromDisplayLength	0	False
zero	domain/units/LengthFormatter.kt	38	fun	formatLengthDelta	0	False
zero	ui/coach/CoachBlock.kt	159	fun	GroupHeaderPlain	0	False
zero	ui/coach/CoachStand.kt	379	fun	CoachStandUnavailable	0	False
zero	ui/coach/CoachUi.kt	294	fun	CoachFlagDot	0	False
zero	ui/coach/CoachViewModel.kt	233	fun	addGoal	0	True
zero	ui/coach/CoachViewModel.kt	296	fun	acceptProject	0	False
zero	ui/coach/CoachViewModel.kt	303	fun	startProject	0	True
zero	ui/coach/CoachViewModel.kt	309	fun	completeProject	0	False
zero	ui/coach/CoachViewModel.kt	314	fun	abandonProject	0	False
zero	ui/coach/GoalPickerDialog.kt	45	fun	GoalPickerDialog	0	True
zero	ui/common/EmptyState.kt	40	fun	EmptyState	0	False
zero	ui/common/ForgeMotionKit.kt	123	fun	EntranceItem	0	False
zero	ui/common/LaunchScenes.kt	54	fun	hasLaunchScene	0	True
zero	ui/common/LaunchScenes.kt	62	fun	IconLaunchScene	0	True
zero	ui/common/RelativeTime.kt	8	fun	monthsAgoPhrase	0	False
zero	ui/experiment/SurfaceKit.kt	215	fun	CardEyebrow	0	False
zero	ui/experiment/SurfaceKit.kt	307	fun	DeltaBadge	0	False
zero	ui/experiment/SurfaceKit.kt	453	fun	SurfaceMeter	0	False
zero	ui/experiment/SurfaceKit.kt	485	fun	WeekRail	0	False
zero	ui/experiment/SurfaceKit.kt	684	fun	PeekCardRow	0	False
zero	ui/experiment/SurfaceKit.kt	718	fun	GhostCard	0	False
zero	ui/experiment/SurfaceKit.kt	797	fun	GhostTrack	0	False
zero	ui/gym/freestyle/FreestyleTemplateViewModel.kt	81	val	hasTemplates	0	False
zero	ui/gym/stats/StatsCommon.kt	38	val	STATS_HERO_CHART_H	0	False
zero	ui/gym/stats/state/StatsUiState.kt	252	class	InsightFlag	0	False
zero	ui/gym/train/components/SessionSummaryComponents.kt	64	fun	MoodPrompt	0	False
zero	ui/gym/train/components/SessionSummaryComponents.kt	221	fun	JournalField	0	False
zero	ui/gym/train/components/SessionSummaryComponents.kt	238	fun	TagPicker	0	False
zero	ui/gym/train/state/DayUiState.kt	151	val	canSkipWarmup	0	False
zero	ui/gym/train/state/DayUiState.kt	161	val	nextUpExerciseName	0	False
zero	ui/gym/train/state/DayUiState.kt	168	val	sessionProgressText	0	False
zero	ui/gym/train/state/DayUiState.kt	176	val	remainingSetsCount	0	False
zero	ui/gym/train/state/DayUiState.kt	316	val	goalProgressFraction	0	False
zero	ui/nav/Routes.kt	5	val	GYM_TRAIN	0	False
zero	ui/nav/Routes.kt	6	val	GYM_STATS	0	False
zero	ui/onboarding/OnboardingPrimitives.kt	124	fun	UnitSegment	0	False
zero	ui/overview/OverviewViewModel.kt	303	fun	loadSampleData	0	False
zero	ui/overview/OverviewViewModel.kt	339	fun	refreshCoach	0	False
zero	ui/overview/OverviewViewModel.kt	346	fun	applyCoach	0	False
zero	ui/overview/OverviewViewModel.kt	352	fun	dismissCoach	0	False
zero	ui/overview/components/HomeSurfaceCards.kt	47	fun	HomeHero	0	False
zero	ui/overview/components/OverviewComponents.kt	38	fun	WeekDayBox	0	False
zero	ui/overview/components/OverviewComponents.kt	88	fun	OverviewStat	0	False
zero	ui/overview/state/OverviewUiState.kt	128	val	hasActiveSession	0	False
zero	ui/profile/MirrorTestControls.kt	275	fun	daysBetween	0	False
zero	ui/profile/MirrorTestViewModel.kt	112	fun	addPhoto	0	False
zero	ui/profile/ProfileActivityYear.kt	123	fun	ProfileActivityYear	0	True
zero	ui/profile/ProfileBody.kt	82	fun	BodyMetricsSection	0	False
zero	ui/profile/ProfileCharts.kt	117	fun	ProgressRing	0	False
zero	ui/profile/ProfileExtras.kt	92	fun	GoalLinesSection	0	False
zero	ui/profile/ProfileLedger.kt	82	fun	AllTimeSection	0	False
zero	ui/profile/ProfileLedger.kt	115	fun	LifetimeVolumeGraph	0	False
zero	ui/profile/ProfileViewModel.kt	312	fun	setPhotoNote	0	False
zero	ui/profile/ProfileViewModel.kt	325	fun	addPhoto	0	False
zero	ui/profile/ProfileYearHeatmap.kt	47	fun	YearConsistencySection	0	False
zero	ui/settings/SettingsPrimitives.kt	424	fun	TileOrderRow	0	False
zero	ui/settings/SettingsViewModel.kt	420	fun	loadSampleData	0	False
zero	ui/theme/Color.kt	29	val	IndigoGradTop	0	False
zero	ui/theme/Color.kt	30	val	IndigoGradBottom	0	False
zero	ui/theme/Color.kt	57	val	AccentEmber	0	False
zero	ui/theme/Color.kt	58	val	AccentNavy	0	False
zero	ui/theme/Color.kt	59	val	AccentOlive	0	False
zero	ui/theme/Color.kt	60	val	AccentGold	0	False
zero	ui/theme/ForgeTheme.kt	63	fun	indigoColorScheme	0	True
